{
  "version": 1,
  "author": "Sinchana ",
  "editor": "wokwi",
  "parts": [
    { "type": "wokwi-breadboard", "id": "bb1", "top": 275.4, "left": 127.6, "attrs": {} },
    {
      "type": "board-esp32-s2-devkitm-1",
      "id": "esp",
      "top": 535.77,
      "left": 343.51,
      "rotate": 90,
      "attrs": {}
    },
    {
      "type": "wokwi-microsd-card",
      "id": "sd1",
      "top": 348.17,
      "left": 150.67,
      "rotate": 90,
      "attrs": {}
    },
    {
      "type": "wokwi-hc-sr04",
      "id": "ultrasonic1",
      "top": 318.3,
      "left": 437.5,
      "attrs": { "distance": "244" }
    },
    {
      "type": "wokwi-mpu6050",
      "id": "imu1",
      "top": 347.98,
      "left": 251.68,
      "rotate": 180,
      "attrs": {}
    },
    { "type": "wokwi-led", "id": "led1", "top": 380.4, "left": 359, "attrs": { "color": "red" } },
    {
      "type": "wokwi-led",
      "id": "led3",
      "top": 380.4,
      "left": 387.8,
      "attrs": { "color": "green" }
    },
    {
      "type": "wokwi-led",
      "id": "led4",
      "top": 370.8,
      "left": 330.2,
      "attrs": { "color": "yellow" }
    }
  ],
  "connections": [
    [ "esp:TX", "$serialMonitor:RX", "", [] ],
    [ "esp:RX", "$serialMonitor:TX", "", [] ],
    [ "bb1:13b.j", "bb1:bn.10", "black", [ "v0" ] ],
    [ "bb1:6b.j", "bb1:bn.4", "black", [ "v0" ] ],
    [ "bb1:41b.j", "bb1:bn.33", "green", [ "v0" ] ],
    [ "bb1:4b.j", "bb1:bp.2", "red", [ "v0" ] ],
    [ "bb1:12b.j", "bb1:bp.9", "red", [ "v0" ] ],
    [ "bb1:38b.j", "bb1:bp.31", "red", [ "v0" ] ],
    [ "esp:GND.1", "bb1:bn.16", "black", [ "v0" ] ],
    [ "esp:5V", "bb1:bp.17", "red", [ "v0" ] ],
    [ "bb1:24b.j", "bb1:bn.19", "black", [ "v0" ] ],
    [ "bb1:21b.i", "bb1:bn.17", "black", [ "v0" ] ],
    [ "bb1:22b.i", "esp:2", "green", [ "v96", "h144" ] ],
    [ "bb1:25b.j", "esp:4", "green", [ "v76.8", "h96" ] ],
    [ "bb1:27b.j", "bb1:bn.21", "black", [ "v0" ] ],
    [ "bb1:28b.j", "esp:5", "green", [ "v86.4", "h57.6" ] ],
    [ "bb1:39b.j", "esp:12", "green", [ "v96", "h-115.2" ] ],
    [ "bb1:40b.j", "esp:13", "green", [ "v67.2", "h-134.4" ] ],
    [ "bb1:2b.j", "esp:15", "green", [ "v96", "h211.2" ] ],
    [ "bb1:7b.j", "esp:19", "green", [ "v211.2", "h134.4" ] ],
    [ "bb1:8b.j", "esp:21", "green", [ "v240", "h144" ] ],
    [ "bb1:5b.j", "esp:18", "green", [ "v0" ] ],
    [ "bb1:3b.j", "esp:26", "green", [ "v268.8", "h153.6" ] ],
    [ "bb1:14b.j", "esp:35", "green", [ "v278.4", "h76.8" ] ],
    [ "bb1:15b.i", "esp:36", "green", [ "v316.8", "h76.8" ] ],
    [ "sd1:CD", "bb1:8b.i", "", [ "$bb" ] ],
    [ "sd1:DO", "bb1:7b.i", "", [ "$bb" ] ],
    [ "sd1:GND", "bb1:6b.i", "", [ "$bb" ] ],
    [ "sd1:SCK", "bb1:5b.i", "", [ "$bb" ] ],
    [ "sd1:VCC", "bb1:4b.i", "", [ "$bb" ] ],
    [ "sd1:DI", "bb1:3b.i", "", [ "$bb" ] ],
    [ "sd1:CS", "bb1:2b.i", "", [ "$bb" ] ],
    [ "imu1:INT", "bb1:19b.g", "", [ "$bb" ] ],
    [ "imu1:AD0", "bb1:18b.g", "", [ "$bb" ] ],
    [ "imu1:XCL", "bb1:17b.g", "", [ "$bb" ] ],
    [ "imu1:XDA", "bb1:16b.g", "", [ "$bb" ] ],
    [ "imu1:SDA", "bb1:15b.g", "", [ "$bb" ] ],
    [ "imu1:SCL", "bb1:14b.g", "", [ "$bb" ] ],
    [ "imu1:GND", "bb1:13b.g", "", [ "$bb" ] ],
    [ "imu1:VCC", "bb1:12b.g", "", [ "$bb" ] ],
    [ "led1:A", "bb1:25b.i", "", [ "$bb" ] ],
    [ "led1:C", "bb1:24b.i", "", [ "$bb" ] ],
    [ "led3:A", "bb1:28b.i", "", [ "$bb" ] ],
    [ "led3:C", "bb1:27b.i", "", [ "$bb" ] ],
    [ "led4:A", "bb1:22b.h", "", [ "$bb" ] ],
    [ "led4:C", "bb1:21b.h", "", [ "$bb" ] ],
    [ "ultrasonic1:VCC", "bb1:38b.h", "", [ "$bb" ] ],
    [ "ultrasonic1:TRIG", "bb1:39b.h", "", [ "$bb" ] ],
    [ "ultrasonic1:ECHO", "bb1:40b.h", "", [ "$bb" ] ],
    [ "ultrasonic1:GND", "bb1:41b.h", "", [ "$bb" ] ]
  ],
  "dependencies": {}
}